Source,Target,Weight,Type
adib-yusril-wafi,firmanhp,1,Undirected
adib-yusril-wafi,kerenza-doxolodeo-916131158,1,Undirected
adityarizkiauli,regensa-cahyanto,2,Undirected
adityarizkiauli,ivana-irene-thomas,1,Undirected
adityarizkiauli,kelly-william-747264141,1,Undirected
adityarizkiauli,kezia-irene98,1,Undirected
adityarizkiauli,albertusangga,1,Undirected
adityarizkiauli,pardede,1,Undirected
adityarizkiauli,a-hasan-gar,1,Undirected
adityarizkiauli,kianutama,1,Undirected
adityarizkiauli,fran-na-jaya-976030120,1,Undirected
adityarizkiauli,arkha-sayoga-m,1,Undirected
adityarizkiauli,kristiantokt,1,Undirected
adityarizkiauli,izznfkhrlislm,1,Undirected
adityarizkiauli,rumanta,1,Undirected
adityarizkiauli,aselhidayat,1,Undirected
adityarizkiauli,anishainas,1,Undirected
adityarizkiauli,afihidayat,1,Undirected
adityarizkiauli,dzakyluthfi,1,Undirected
adityarizkiauli,aldobima,1,Undirected
adityarizkiauli,alsabila-shakina-prasetyo-636887155,1,Undirected
adityarizkiauli,ignatiusrdp,1,Undirected
adityarizkiauli,iamrulloh,1,Undirected
adityarizkiauli,firandra-savitri,1,Undirected
adityarizkiauli,claudio-yosafat-napitupulu,1,Undirected
adityarizkiauli,ranisianipar,2,Undirected
adityarizkiauli,firmanhp,1,Undirected
adityarizkiauli,wildanfahmig,1,Undirected
adityarizkiauli,mettaanantha,1,Undirected
adityarizkiauli,jihadrinaldi,1,Undirected
adityarizkiauli,muzakkiha,1,Undirected
adityarizkiauli,fariqodri,1,Undirected
adityarizkiauli,ilhamrizkyakbar,1,Undirected
adityarizkiauli,ramawidragamaputra,1,Undirected
adityarizkiauli,rahmaniaam,1,Undirected
adityarizkiauli,donny-samuel,1,Undirected
adityarizkiauli,kevin-prakasa,1,Undirected
adityarizkiauli,adib-yusril-wafi,2,Undirected
adityarizkiauli,hamam-wulan-ayu-811a4216b,2,Undirected
agasyan,fatanugraha,1,Undirected
agasyan,praditomo,1,Undirected
agasyan,regensa-cahyanto,2,Undirected
agasyan,hanifagungp,2,Undirected
agasyan,ivana-irene-thomas,1,Undirected
agasyan,kelly-william-747264141,1,Undirected
agasyan,kezia-irene98,1,Undirected
agasyan,ibnufirdaus,1,Undirected
agasyan,tirtaabimanyu,1,Undirected
agasyan,hilyafesmia,1,Undirected
agasyan,albertusangga,1,Undirected
agasyan,pardede,1,Undirected
agasyan,a-hasan-gar,1,Undirected
agasyan,kianutama,1,Undirected
agasyan,fran-na-jaya-976030120,1,Undirected
agasyan,degoldie-sonny,1,Undirected
agasyan,arkha-sayoga-m,1,Undirected
agasyan,refo-ilmiya-akbar-8b7aa8113,1,Undirected
agasyan,kristiantokt,1,Undirected
agasyan,izznfkhrlislm,1,Undirected
agasyan,rumanta,1,Undirected
agasyan,endrawan-andika-wicaksana-72247b140,1,Undirected
agasyan,fannyah-dita-cahya-970b03138,2,Undirected
agasyan,jonathan-edwin,1,Undirected
agasyan,nixi-sendya-putri-0407a5137,1,Undirected
agasyan,ahmad-nur-barraza-85688a155,1,Undirected
agasyan,yudhistira-erlandinata,1,Undirected
agasyan,kautsar-fadlillah-b0370713b,1,Undirected
agasyan,aldihilmanr,1,Undirected
agasyan,arielmiki,1,Undirected
agasyan,alputri,1,Undirected
agasyan,widijanto,1,Undirected
agasyan,aselhidayat,1,Undirected
agasyan,anishainas,1,Undirected
agasyan,rehanhawari,1,Undirected
agasyan,dzakyluthfi,1,Undirected
agasyan,aldobima,1,Undirected
agasyan,alsabila-shakina-prasetyo-636887155,1,Undirected
agasyan,iamrulloh,1,Undirected
agasyan,pakpahanjuan46,1,Undirected
agasyan,argaghulamahmad,1,Undirected
agasyan,firandra-savitri,1,Undirected
agasyan,fajrinmk,1,Undirected
agasyan,claudio-yosafat-napitupulu,1,Undirected
agasyan,hema-mitta-kalyani,1,Undirected
agasyan,muhammad-fakhrillah-a-b9859a116,2,Undirected
agasyan,izzatul-muttaqin-958947128,1,Undirected
agasyan,ranisianipar,2,Undirected
agasyan,ichlasul-affan,1,Undirected
agasyan,fauzan-deni,2,Undirected
agasyan,firmanhp,1,Undirected
agasyan,wuriandita,1,Undirected
agasyan,kerenza-doxolodeo-916131158,1,Undirected
agasyan,wildanfahmig,1,Undirected
agasyan,rayzaarasj,1,Undirected
agasyan,mettaanantha,1,Undirected
agasyan,jihadrinaldi,1,Undirected
agasyan,muzakkiha,1,Undirected
agasyan,muhammad-daffa-mahathir,1,Undirected
agasyan,albadrun,1,Undirected
agasyan,fariqodri,1,Undirected
agasyan,ezra-rizkiatama,2,Undirected
agasyan,ramawidragamaputra,1,Undirected
agasyan,azharkurnia,1,Undirected
agasyan,bagasirwansyah,1,Undirected
agasyan,rezarp97,2,Undirected
agasyan,m-ilham-peruzzi-2695b6155,2,Undirected
agasyan,samuel-febrian-0118a4155,2,Undirected
agasyan,rahmaniaam,1,Undirected
agasyan,muhammad-at-thoriq,2,Undirected
agasyan,donny-samuel,1,Undirected
agasyan,kevin-prakasa,1,Undirected
agasyan,farolina-r,2,Undirected
agasyan,dennis-febri-dien,2,Undirected
agasyan,priambudi-bagaskara,2,Undirected
agasyan,sfdaus,2,Undirected
agasyan,tirtahema,2,Undirected
agasyan,farayagatha,2,Undirected
agasyan,fardhan-sudjono-182b08174,2,Undirected
agasyan,nathaniel-nicholas-650740155,2,Undirected
agasyan,hamam-wulan-ayu-811a4216b,2,Undirected
a-hasan-gar,fatanugraha,1,Undirected
a-hasan-gar,praditomo,1,Undirected
a-hasan-gar,regensa-cahyanto,2,Undirected
a-hasan-gar,hanifagungp,2,Undirected
a-hasan-gar,ivana-irene-thomas,1,Undirected
a-hasan-gar,kelly-william-747264141,1,Undirected
a-hasan-gar,kezia-irene98,1,Undirected
a-hasan-gar,ibnufirdaus,1,Undirected
a-hasan-gar,tirtaabimanyu,1,Undirected
a-hasan-gar,albertusangga,1,Undirected
a-hasan-gar,pardede,1,Undirected
a-hasan-gar,kianutama,1,Undirected
a-hasan-gar,nurul-faza-saffanah12,1,Undirected
a-hasan-gar,fran-na-jaya-976030120,1,Undirected
a-hasan-gar,refo-ilmiya-akbar-8b7aa8113,1,Undirected
a-hasan-gar,kristiantokt,1,Undirected
a-hasan-gar,khoiruluqi,1,Undirected
a-hasan-gar,izznfkhrlislm,1,Undirected
a-hasan-gar,rumanta,1,Undirected
a-hasan-gar,endrawan-andika-wicaksana-72247b140,1,Undirected
a-hasan-gar,fadhlanhazmi,2,Undirected
a-hasan-gar,imbang-murtito,1,Undirected
a-hasan-gar,fannyah-dita-cahya-970b03138,2,Undirected
a-hasan-gar,jonathan-edwin,1,Undirected
a-hasan-gar,nixi-sendya-putri-0407a5137,1,Undirected
a-hasan-gar,yudhistira-erlandinata,1,Undirected
a-hasan-gar,kautsar-fadlillah-b0370713b,1,Undirected
a-hasan-gar,aldihilmanr,1,Undirected
a-hasan-gar,alputri,1,Undirected
a-hasan-gar,widijanto,1,Undirected
a-hasan-gar,anishainas,1,Undirected
a-hasan-gar,rehanhawari,1,Undirected
a-hasan-gar,azkali20,1,Undirected
a-hasan-gar,afihidayat,1,Undirected
a-hasan-gar,dzakyluthfi,1,Undirected
a-hasan-gar,aldobima,1,Undirected
a-hasan-gar,alsabila-shakina-prasetyo-636887155,1,Undirected
a-hasan-gar,adityarizkiauli,1,Undirected
a-hasan-gar,ignatiusrdp,1,Undirected
a-hasan-gar,iamrulloh,1,Undirected
a-hasan-gar,pakpahanjuan46,1,Undirected
a-hasan-gar,argaghulamahmad,1,Undirected
a-hasan-gar,firandra-savitri,1,Undirected
a-hasan-gar,claudio-yosafat-napitupulu,1,Undirected
a-hasan-gar,hema-mitta-kalyani,1,Undirected
a-hasan-gar,misaeljonathan,1,Undirected
a-hasan-gar,agasyan,1,Undirected
a-hasan-gar,izzatul-muttaqin-958947128,1,Undirected
a-hasan-gar,ranisianipar,2,Undirected
a-hasan-gar,ichlasul-affan,1,Undirected
a-hasan-gar,firmanhp,1,Undirected
a-hasan-gar,wuriandita,1,Undirected
a-hasan-gar,kerenza-doxolodeo-916131158,1,Undirected
a-hasan-gar,bram-sedana-7b81b9b4,2,Undirected
a-hasan-gar,wildanfahmig,1,Undirected
a-hasan-gar,rayzaarasj,1,Undirected
a-hasan-gar,mettaanantha,1,Undirected
a-hasan-gar,jihadrinaldi,1,Undirected
a-hasan-gar,muzakkiha,1,Undirected
a-hasan-gar,muhammad-daffa-mahathir,1,Undirected
a-hasan-gar,albadrun,1,Undirected
a-hasan-gar,fariqodri,1,Undirected
a-hasan-gar,ilhamrizkyakbar,1,Undirected
a-hasan-gar,ezra-rizkiatama,2,Undirected
a-hasan-gar,ramawidragamaputra,1,Undirected
a-hasan-gar,marcokenata,2,Undirected
a-hasan-gar,azharkurnia,1,Undirected
a-hasan-gar,bagasirwansyah,1,Undirected
a-hasan-gar,rezarp97,2,Undirected
a-hasan-gar,m-ilham-peruzzi-2695b6155,2,Undirected
a-hasan-gar,alif-ahsanil-satria-3b6758116,2,Undirected
a-hasan-gar,rahmaniaam,1,Undirected
a-hasan-gar,muhammad-at-thoriq,2,Undirected
a-hasan-gar,donny-samuel,1,Undirected
a-hasan-gar,zuliapr,2,Undirected
a-hasan-gar,kevin-prakasa,1,Undirected
a-hasan-gar,windi-chandra-884778130,1,Undirected
a-hasan-gar,farolina-r,2,Undirected
a-hasan-gar,naima-moertadho,2,Undirected
a-hasan-gar,winnstonn,2,Undirected
a-hasan-gar,melkisedek-bernadius-sibarani-054858160,2,Undirected
a-hasan-gar,tyagitalrst,2,Undirected
a-hasan-gar,valerysa-regita-754490147,2,Undirected
a-hasan-gar,pasu-siahaan-4306ba134,2,Undirected
a-hasan-gar,tirtahema,2,Undirected
a-hasan-gar,farayagatha,2,Undirected
a-hasan-gar,ridwan-rachmat-78988a155,2,Undirected
a-hasan-gar,dhanarsantika,2,Undirected
ahmad-nur-barraza-85688a155,praditomo,1,Undirected
ahmad-nur-barraza-85688a155,regensa-cahyanto,2,Undirected
ahmad-nur-barraza-85688a155,hanifagungp,2,Undirected
ahmad-nur-barraza-85688a155,ibnufirdaus,1,Undirected
ahmad-nur-barraza-85688a155,albertusangga,1,Undirected
ahmad-nur-barraza-85688a155,pardede,1,Undirected
ahmad-nur-barraza-85688a155,kianutama,1,Undirected
ahmad-nur-barraza-85688a155,fran-na-jaya-976030120,1,Undirected
ahmad-nur-barraza-85688a155,refo-ilmiya-akbar-8b7aa8113,1,Undirected
ahmad-nur-barraza-85688a155,khoiruluqi,1,Undirected
ahmad-nur-barraza-85688a155,izznfkhrlislm,1,Undirected
ahmad-nur-barraza-85688a155,fadhlanhazmi,2,Undirected
ahmad-nur-barraza-85688a155,fannyah-dita-cahya-970b03138,2,Undirected
ahmad-nur-barraza-85688a155,jonathan-edwin,1,Undirected
ahmad-nur-barraza-85688a155,kautsar-fadlillah-b0370713b,1,Undirected
ahmad-nur-barraza-85688a155,anishainas,1,Undirected
ahmad-nur-barraza-85688a155,dzakyluthfi,1,Undirected
ahmad-nur-barraza-85688a155,aldobima,1,Undirected
ahmad-nur-barraza-85688a155,ignatiusrdp,1,Undirected
ahmad-nur-barraza-85688a155,iamrulloh,1,Undirected
ahmad-nur-barraza-85688a155,firandra-savitri,1,Undirected
ahmad-nur-barraza-85688a155,fajrinmk,1,Undirected
ahmad-nur-barraza-85688a155,claudio-yosafat-napitupulu,1,Undirected
ahmad-nur-barraza-85688a155,agasyan,1,Undirected
ahmad-nur-barraza-85688a155,ichlasul-affan,1,Undirected
ahmad-nur-barraza-85688a155,fauzan-deni,2,Undirected
ahmad-nur-barraza-85688a155,firmanhp,1,Undirected
ahmad-nur-barraza-85688a155,wildanfahmig,1,Undirected
ahmad-nur-barraza-85688a155,rayzaarasj,1,Undirected
ahmad-nur-barraza-85688a155,mettaanantha,1,Undirected
ahmad-nur-barraza-85688a155,jihadrinaldi,1,Undirected
ahmad-nur-barraza-85688a155,muzakkiha,1,Undirected
ahmad-nur-barraza-85688a155,fariqodri,1,Undirected
ahmad-nur-barraza-85688a155,ilhamrizkyakbar,1,Undirected
ahmad-nur-barraza-85688a155,ezra-rizkiatama,2,Undirected
ahmad-nur-barraza-85688a155,yumnapratista,1,Undirected
ahmad-nur-barraza-85688a155,ramawidragamaputra,1,Undirected
ahmad-nur-barraza-85688a155,azharkurnia,1,Undirected
ahmad-nur-barraza-85688a155,bagasirwansyah,1,Undirected
ahmad-nur-barraza-85688a155,anindito-bhagawanta,2,Undirected
ahmad-nur-barraza-85688a155,alif-ahsanil-satria-3b6758116,2,Undirected
ahmad-nur-barraza-85688a155,rahmaniaam,1,Undirected
ahmad-nur-barraza-85688a155,zuliapr,2,Undirected
ahmad-nur-barraza-85688a155,kevin-prakasa,1,Undirected
ahmad-nur-barraza-85688a155,farolina-r,2,Undirected
ahmad-nur-barraza-85688a155,priambudi-bagaskara,2,Undirected
satryaji,praditomo,1,Undirected
satryaji,regensa-cahyanto,2,Undirected
satryaji,ivana-irene-thomas,1,Undirected
satryaji,kezia-irene98,1,Undirected
satryaji,ibnufirdaus,1,Undirected
satryaji,tirtaabimanyu,1,Undirected
satryaji,hilyafesmia,1,Undirected
satryaji,albertusangga,1,Undirected
satryaji,pardede,1,Undirected
satryaji,norman-bintang,2,Undirected
satryaji,a-hasan-gar,1,Undirected
satryaji,kianutama,1,Undirected
satryaji,nurul-faza-saffanah12,1,Undirected
satryaji,fran-na-jaya-976030120,1,Undirected
satryaji,degoldie-sonny,1,Undirected
satryaji,arkha-sayoga-m,1,Undirected
satryaji,refo-ilmiya-akbar-8b7aa8113,1,Undirected
satryaji,kristiantokt,1,Undirected
satryaji,izznfkhrlislm,1,Undirected
satryaji,rumanta,1,Undirected
satryaji,endrawan-andika-wicaksana-72247b140,1,Undirected
satryaji,fadhlanhazmi,2,Undirected
satryaji,jonathan-edwin,1,Undirected
satryaji,ahmad-nur-barraza-85688a155,1,Undirected
satryaji,yudhistira-erlandinata,1,Undirected
satryaji,kautsar-fadlillah-b0370713b,1,Undirected
satryaji,aldihilmanr,1,Undirected
satryaji,alputri,1,Undirected
satryaji,widijanto,1,Undirected
satryaji,aselhidayat,1,Undirected
satryaji,rehanhawari,1,Undirected
satryaji,azkali20,1,Undirected
satryaji,dzakyluthfi,1,Undirected
satryaji,aldobima,1,Undirected
satryaji,alsabila-shakina-prasetyo-636887155,1,Undirected
satryaji,ignatiusrdp,1,Undirected
satryaji,iamrulloh,1,Undirected
satryaji,pakpahanjuan46,1,Undirected
satryaji,argaghulamahmad,1,Undirected
satryaji,firandra-savitri,1,Undirected
satryaji,fajrinmk,1,Undirected
satryaji,hema-mitta-kalyani,1,Undirected
satryaji,misaeljonathan,1,Undirected
satryaji,agasyan,1,Undirected
satryaji,ranisianipar,2,Undirected
satryaji,ichlasul-affan,1,Undirected
satryaji,mohammad-ahnaf-zain-ilham-12753b10a,2,Undirected
satryaji,fauzan-deni,2,Undirected
satryaji,wuriandita,1,Undirected
satryaji,bram-sedana-7b81b9b4,2,Undirected
satryaji,wildanfahmig,1,Undirected
satryaji,rayzaarasj,1,Undirected
satryaji,mettaanantha,1,Undirected
satryaji,jihadrinaldi,1,Undirected
satryaji,muzakkiha,1,Undirected
satryaji,muhammad-daffa-mahathir,1,Undirected
satryaji,albadrun,1,Undirected
satryaji,fariqodri,1,Undirected
satryaji,ezra-rizkiatama,2,Undirected
satryaji,azharkurnia,1,Undirected
satryaji,bagasirwansyah,1,Undirected
satryaji,rezarp97,2,Undirected
satryaji,rahmaniaam,1,Undirected
satryaji,muhammad-at-thoriq,2,Undirected
satryaji,donny-samuel,1,Undirected
satryaji,naima-moertadho,2,Undirected
satryaji,dennis-febri-dien,2,Undirected
satryaji,sfdaus,2,Undirected
satryaji,valerysa-regita-754490147,2,Undirected
albertusangga,fatanugraha,1,Undirected
albertusangga,praditomo,1,Undirected
albertusangga,regensa-cahyanto,2,Undirected
albertusangga,ivana-irene-thomas,1,Undirected
albertusangga,kelly-william-747264141,1,Undirected
albertusangga,kezia-irene98,1,Undirected
albertusangga,ibnufirdaus,1,Undirected
albertusangga,tirtaabimanyu,1,Undirected
albertusangga,hilyafesmia,1,Undirected
albertusangga,norman-bintang,2,Undirected
albertusangga,a-hasan-gar,1,Undirected
albertusangga,kianutama,1,Undirected
albertusangga,nurul-faza-saffanah12,1,Undirected
albertusangga,fran-na-jaya-976030120,1,Undirected
albertusangga,degoldie-sonny,1,Undirected
albertusangga,arkha-sayoga-m,1,Undirected
albertusangga,kristiantokt,1,Undirected
albertusangga,izznfkhrlislm,1,Undirected
albertusangga,rumanta,1,Undirected
albertusangga,endrawan-andika-wicaksana-72247b140,1,Undirected
albertusangga,fadhlanhazmi,2,Undirected
albertusangga,imbang-murtito,1,Undirected
albertusangga,jonathan-edwin,1,Undirected
albertusangga,nixi-sendya-putri-0407a5137,1,Undirected
albertusangga,ahmad-nur-barraza-85688a155,1,Undirected
albertusangga,yudhistira-erlandinata,1,Undirected
albertusangga,kautsar-fadlillah-b0370713b,1,Undirected
albertusangga,aldihilmanr,1,Undirected
albertusangga,alputri,1,Undirected
albertusangga,widijanto,1,Undirected
albertusangga,aselhidayat,1,Undirected
albertusangga,anishainas,1,Undirected
albertusangga,rehanhawari,1,Undirected
albertusangga,azkali20,1,Undirected
albertusangga,dzakyluthfi,1,Undirected
albertusangga,aldobima,1,Undirected
albertusangga,alsabila-shakina-prasetyo-636887155,1,Undirected
albertusangga,adityarizkiauli,1,Undirected
albertusangga,ignatiusrdp,1,Undirected
albertusangga,iamrulloh,1,Undirected
albertusangga,pakpahanjuan46,1,Undirected
albertusangga,firandra-savitri,1,Undirected
albertusangga,fajrinmk,1,Undirected
albertusangga,claudio-yosafat-napitupulu,1,Undirected
albertusangga,misaeljonathan,1,Undirected
albertusangga,agasyan,1,Undirected
albertusangga,ranisianipar,2,Undirected
albertusangga,ichlasul-affan,1,Undirected
albertusangga,firmanhp,1,Undirected
albertusangga,wildanfahmig,1,Undirected
albertusangga,rayzaarasj,1,Undirected
albertusangga,jihadrinaldi,1,Undirected
albertusangga,muzakkiha,1,Undirected
albertusangga,albadrun,1,Undirected
albertusangga,fariqodri,1,Undirected
albertusangga,yumnapratista,1,Undirected
albertusangga,ramawidragamaputra,1,Undirected
albertusangga,azharkurnia,1,Undirected
albertusangga,bagasirwansyah,1,Undirected
albertusangga,rahmaniaam,1,Undirected
albertusangga,muhammad-at-thoriq,2,Undirected
albertusangga,donny-samuel,1,Undirected
albertusangga,zuliapr,2,Undirected
albertusangga,kevin-prakasa,1,Undirected
albertusangga,windi-chandra-884778130,1,Undirected
albertusangga,farolina-r,2,Undirected
albertusangga,dennis-febri-dien,2,Undirected
albertusangga,winnstonn,2,Undirected
albertusangga,andrew-savero-ongko-54a291181,2,Undirected
aldihilmanr,fatanugraha,1,Undirected
aldihilmanr,praditomo,1,Undirected
aldihilmanr,ivana-irene-thomas,1,Undirected
aldihilmanr,kezia-irene98,1,Undirected
aldihilmanr,ibnufirdaus,1,Undirected
aldihilmanr,tirtaabimanyu,1,Undirected
aldihilmanr,pardede,1,Undirected
aldihilmanr,a-hasan-gar,1,Undirected
aldihilmanr,fran-na-jaya-976030120,1,Undirected
aldihilmanr,degoldie-sonny,1,Undirected
aldihilmanr,arkha-sayoga-m,1,Undirected
aldihilmanr,refo-ilmiya-akbar-8b7aa8113,1,Undirected
aldihilmanr,khoiruluqi,1,Undirected
aldihilmanr,izznfkhrlislm,1,Undirected
aldihilmanr,rumanta,1,Undirected
aldihilmanr,endrawan-andika-wicaksana-72247b140,1,Undirected
aldihilmanr,jonathan-edwin,1,Undirected
aldihilmanr,yudhistira-erlandinata,1,Undirected
aldihilmanr,kautsar-fadlillah-b0370713b,1,Undirected
aldihilmanr,aselhidayat,1,Undirected
aldihilmanr,rehanhawari,1,Undirected
aldihilmanr,azkali20,1,Undirected
aldihilmanr,dzakyluthfi,1,Undirected
aldihilmanr,pakpahanjuan46,1,Undirected
aldihilmanr,argaghulamahmad,1,Undirected
aldihilmanr,firandra-savitri,1,Undirected
aldihilmanr,fajrinmk,1,Undirected
aldihilmanr,claudio-yosafat-napitupulu,1,Undirected
aldihilmanr,agasyan,1,Undirected
aldihilmanr,izzatul-muttaqin-958947128,1,Undirected
aldihilmanr,ichlasul-affan,1,Undirected
aldihilmanr,kerenza-doxolodeo-916131158,1,Undirected
aldihilmanr,wildanfahmig,1,Undirected
aldihilmanr,rayzaarasj,1,Undirected
aldihilmanr,jihadrinaldi,1,Undirected
aldihilmanr,ezra-rizkiatama,2,Undirected
aldihilmanr,yumnapratista,1,Undirected
aldihilmanr,bagasirwansyah,1,Undirected
aldihilmanr,rezarp97,2,Undirected
aldihilmanr,m-ilham-peruzzi-2695b6155,2,Undirected
aldihilmanr,donny-samuel,1,Undirected
aldihilmanr,kevin-prakasa,1,Undirected
aldihilmanr,priambudi-bagaskara,2,Undirected
aldihilmanr,tirtahema,2,Undirected
aldihilmanr,ridwan-rachmat-78988a155,2,Undirected
aldihilmanr,dhanarsantika,2,Undirected
aldobima,praditomo,1,Undirected
aldobima,regensa-cahyanto,2,Undirected
aldobima,ivana-irene-thomas,1,Undirected
aldobima,kelly-william-747264141,1,Undirected
aldobima,kezia-irene98,1,Undirected
aldobima,tirtaabimanyu,1,Undirected
aldobima,hilyafesmia,1,Undirected
aldobima,albertusangga,1,Undirected
aldobima,pardede,1,Undirected
aldobima,a-hasan-gar,1,Undirected
aldobima,fran-na-jaya-976030120,1,Undirected
aldobima,arkha-sayoga-m,1,Undirected
aldobima,kristiantokt,1,Undirected
aldobima,izznfkhrlislm,1,Undirected
aldobima,rumanta,1,Undirected
aldobima,nixi-sendya-putri-0407a5137,1,Undirected
aldobima,ahmad-nur-barraza-85688a155,1,Undirected
aldobima,yudhistira-erlandinata,1,Undirected
aldobima,kautsar-fadlillah-b0370713b,1,Undirected
aldobima,arielmiki,1,Undirected
aldobima,widijanto,1,Undirected
aldobima,aselhidayat,1,Undirected
aldobima,anishainas,1,Undirected
aldobima,rehanhawari,1,Undirected
aldobima,azkali20,1,Undirected
aldobima,afihidayat,1,Undirected
aldobima,dzakyluthfi,1,Undirected
aldobima,alsabila-shakina-prasetyo-636887155,1,Undirected
aldobima,adityarizkiauli,1,Undirected
aldobima,ignatiusrdp,1,Undirected
aldobima,iamrulloh,1,Undirected
aldobima,pakpahanjuan46,1,Undirected
aldobima,argaghulamahmad,1,Undirected
aldobima,firandra-savitri,1,Undirected
aldobima,fajrinmk,1,Undirected
aldobima,claudio-yosafat-napitupulu,1,Undirected
aldobima,agasyan,1,Undirected
aldobima,ichlasul-affan,1,Undirected
aldobima,firmanhp,1,Undirected
aldobima,wuriandita,1,Undirected
aldobima,bram-sedana-7b81b9b4,2,Undirected
aldobima,rayzaarasj,1,Undirected
aldobima,mettaanantha,1,Undirected
aldobima,jihadrinaldi,1,Undirected
aldobima,muzakkiha,1,Undirected
aldobima,muhammad-daffa-mahathir,1,Undirected
aldobima,fariqodri,1,Undirected
aldobima,ramawidragamaputra,1,Undirected
aldobima,azharkurnia,1,Undirected
aldobima,bagasirwansyah,1,Undirected
aldobima,rezarp97,2,Undirected
aldobima,rahmaniaam,1,Undirected
aldobima,kevin-prakasa,1,Undirected
aldobima,windi-chandra-884778130,1,Undirected
aldobima,farayagatha,2,Undirected
aldobima,sultanzunino,2,Undirected
aldobima,nathaniel-nicholas-650740155,2,Undirected
alif-ahsanil-satria-3b6758116,fatanugraha,1,Undirected
alif-ahsanil-satria-3b6758116,a-hasan-gar,1,Undirected
alif-ahsanil-satria-3b6758116,fran-na-jaya-976030120,1,Undirected
alif-ahsanil-satria-3b6758116,arkha-sayoga-m,1,Undirected
alif-ahsanil-satria-3b6758116,khoiruluqi,1,Undirected
alif-ahsanil-satria-3b6758116,ahmad-nur-barraza-85688a155,1,Undirected
alif-ahsanil-satria-3b6758116,yudhistira-erlandinata,1,Undirected
alif-ahsanil-satria-3b6758116,kautsar-fadlillah-b0370713b,1,Undirected
alif-ahsanil-satria-3b6758116,rehanhawari,1,Undirected
alif-ahsanil-satria-3b6758116,dzakyluthfi,1,Undirected
alif-ahsanil-satria-3b6758116,iamrulloh,1,Undirected
alif-ahsanil-satria-3b6758116,argaghulamahmad,1,Undirected
alif-ahsanil-satria-3b6758116,firandra-savitri,1,Undirected
alif-ahsanil-satria-3b6758116,ichlasul-affan,1,Undirected
alif-ahsanil-satria-3b6758116,wildanfahmig,1,Undirected
alif-ahsanil-satria-3b6758116,rayzaarasj,1,Undirected
alif-ahsanil-satria-3b6758116,jihadrinaldi,1,Undirected
alif-ahsanil-satria-3b6758116,muzakkiha,1,Undirected
alif-ahsanil-satria-3b6758116,yumnapratista,1,Undirected
alif-ahsanil-satria-3b6758116,azharkurnia,1,Undirected
alif-ahsanil-satria-3b6758116,bagasirwansyah,1,Undirected
alif-ahsanil-satria-3b6758116,kevin-prakasa,1,Undirected
alsabila-shakina-prasetyo-636887155,praditomo,1,Undirected
alsabila-shakina-prasetyo-636887155,ivana-irene-thomas,1,Undirected
alsabila-shakina-prasetyo-636887155,kezia-irene98,1,Undirected
alsabila-shakina-prasetyo-636887155,tirtaabimanyu,1,Undirected
alsabila-shakina-prasetyo-636887155,albertusangga,1,Undirected
alsabila-shakina-prasetyo-636887155,pardede,1,Undirected
alsabila-shakina-prasetyo-636887155,a-hasan-gar,1,Undirected
alsabila-shakina-prasetyo-636887155,kianutama,1,Undirected
alsabila-shakina-prasetyo-636887155,nurul-faza-saffanah12,1,Undirected
alsabila-shakina-prasetyo-636887155,fran-na-jaya-976030120,1,Undirected
alsabila-shakina-prasetyo-636887155,arkha-sayoga-m,1,Undirected
alsabila-shakina-prasetyo-636887155,refo-ilmiya-akbar-8b7aa8113,1,Undirected
alsabila-shakina-prasetyo-636887155,kristiantokt,1,Undirected
alsabila-shakina-prasetyo-636887155,khoiruluqi,1,Undirected
alsabila-shakina-prasetyo-636887155,izznfkhrlislm,1,Undirected
alsabila-shakina-prasetyo-636887155,rumanta,1,Undirected
alsabila-shakina-prasetyo-636887155,fannyah-dita-cahya-970b03138,2,Undirected
alsabila-shakina-prasetyo-636887155,jonathan-edwin,1,Undirected
alsabila-shakina-prasetyo-636887155,nixi-sendya-putri-0407a5137,1,Undirected
alsabila-shakina-prasetyo-636887155,yudhistira-erlandinata,1,Undirected
alsabila-shakina-prasetyo-636887155,kautsar-fadlillah-b0370713b,1,Undirected
alsabila-shakina-prasetyo-636887155,arielmiki,1,Undirected
alsabila-shakina-prasetyo-636887155,alputri,1,Undirected
alsabila-shakina-prasetyo-636887155,aselhidayat,1,Undirected
alsabila-shakina-prasetyo-636887155,anishainas,1,Undirected
alsabila-shakina-prasetyo-636887155,rehanhawari,1,Undirected
alsabila-shakina-prasetyo-636887155,dzakyluthfi,1,Undirected
alsabila-shakina-prasetyo-636887155,aldobima,1,Undirected
alsabila-shakina-prasetyo-636887155,adityarizkiauli,1,Undirected
alsabila-shakina-prasetyo-636887155,ignatiusrdp,1,Undirected
alsabila-shakina-prasetyo-636887155,iamrulloh,1,Undirected
alsabila-shakina-prasetyo-636887155,pakpahanjuan46,1,Undirected
alsabila-shakina-prasetyo-636887155,firandra-savitri,1,Undirected
alsabila-shakina-prasetyo-636887155,fajrinmk,1,Undirected
alsabila-shakina-prasetyo-636887155,claudio-yosafat-napitupulu,1,Undirected
alsabila-shakina-prasetyo-636887155,hema-mitta-kalyani,1,Undirected
alsabila-shakina-prasetyo-636887155,muhammad-fakhrillah-a-b9859a116,2,Undirected
alsabila-shakina-prasetyo-636887155,misaeljonathan,1,Undirected
alsabila-shakina-prasetyo-636887155,agasyan,1,Undirected
alsabila-shakina-prasetyo-636887155,izzatul-muttaqin-958947128,1,Undirected
alsabila-shakina-prasetyo-636887155,ranisianipar,2,Undirected
alsabila-shakina-prasetyo-636887155,ichlasul-affan,1,Undirected
alsabila-shakina-prasetyo-636887155,firmanhp,1,Undirected
alsabila-shakina-prasetyo-636887155,wuriandita,1,Undirected
alsabila-shakina-prasetyo-636887155,rayzaarasj,1,Undirected
alsabila-shakina-prasetyo-636887155,mettaanantha,1,Undirected
alsabila-shakina-prasetyo-636887155,jihadrinaldi,1,Undirected
alsabila-shakina-prasetyo-636887155,muzakkiha,1,Undirected
alsabila-shakina-prasetyo-636887155,muhammad-daffa-mahathir,1,Undirected
alsabila-shakina-prasetyo-636887155,fariqodri,1,Undirected
alsabila-shakina-prasetyo-636887155,rezarp97,2,Undirected
alsabila-shakina-prasetyo-636887155,m-ilham-peruzzi-2695b6155,2,Undirected
alsabila-shakina-prasetyo-636887155,anindito-bhagawanta,2,Undirected
alsabila-shakina-prasetyo-636887155,rahmaniaam,1,Undirected
alsabila-shakina-prasetyo-636887155,donny-samuel,1,Undirected
alsabila-shakina-prasetyo-636887155,zuliapr,2,Undirected
alsabila-shakina-prasetyo-636887155,kevin-prakasa,1,Undirected
alsabila-shakina-prasetyo-636887155,farolina-r,2,Undirected
alsabila-shakina-prasetyo-636887155,naima-moertadho,2,Undirected
alsabila-shakina-prasetyo-636887155,dennis-febri-dien,2,Undirected
alsabila-shakina-prasetyo-636887155,sfdaus,2,Undirected
alsabila-shakina-prasetyo-636887155,hadlina-rahmadinni-b32746155,2,Undirected
alsabila-shakina-prasetyo-636887155,pasu-siahaan-4306ba134,2,Undirected
alsabila-shakina-prasetyo-636887155,tirtahema,2,Undirected
alsabila-shakina-prasetyo-636887155,farayagatha,2,Undirected
alsabila-shakina-prasetyo-636887155,dhanarsantika,2,Undirected
alputri,fatanugraha,1,Undirected
alputri,praditomo,1,Undirected
alputri,regensa-cahyanto,2,Undirected
alputri,ivana-irene-thomas,1,Undirected
alputri,kelly-william-747264141,1,Undirected
alputri,kezia-irene98,1,Undirected
alputri,hilyafesmia,1,Undirected
alputri,albertusangga,1,Undirected
alputri,a-hasan-gar,1,Undirected
alputri,kianutama,1,Undirected
alputri,fran-na-jaya-976030120,1,Undirected
alputri,arkha-sayoga-m,1,Undirected
alputri,fannyah-dita-cahya-970b03138,2,Undirected
alputri,yudhistira-erlandinata,1,Undirected
alputri,widijanto,1,Undirected
alputri,alsabila-shakina-prasetyo-636887155,1,Undirected
alputri,ignatiusrdp,1,Undirected
alputri,iamrulloh,1,Undirected
alputri,argaghulamahmad,1,Undirected
alputri,firandra-savitri,1,Undirected
alputri,fajrinmk,1,Undirected
alputri,misaeljonathan,1,Undirected
alputri,agasyan,1,Undirected
alputri,ranisianipar,2,Undirected
alputri,ichlasul-affan,1,Undirected
alputri,rayzaarasj,1,Undirected
alputri,mettaanantha,1,Undirected
alputri,jihadrinaldi,1,Undirected
alputri,muzakkiha,1,Undirected
alputri,muhammad-daffa-mahathir,1,Undirected
alputri,albadrun,1,Undirected
alputri,ramawidragamaputra,1,Undirected
alputri,marcokenata,2,Undirected
alputri,azharkurnia,1,Undirected
alputri,bagasirwansyah,1,Undirected
alputri,zuliapr,2,Undirected
alputri,farolina-r,2,Undirected
anindito-bhagawanta,rayzaarasj,1,Undirected
anindito-bhagawanta,ichlasul-affan,1,Undirected
anindito-bhagawanta,rezarp97,1,Undirected
anishainas,rayzaarasj,1,Undirected
anishainas,rezarp97,1,Undirected
anishainas,donny-samuel,1,Undirected
argaghulamahmad,rayzaarasj,1,Undirected
argaghulamahmad,ichlasul-affan,1,Undirected
argaghulamahmad,rezarp97,1,Undirected
arielmiki,rayzaarasj,1,Undirected
arielmiki,ichlasul-affan,1,Undirected
arielmiki,donny-samuel,1,Undirected
arkha-sayoga-m,rayzaarasj,1,Undirected
arkha-sayoga-m,ichlasul-affan,1,Undirected
aselhidayat,rayzaarasj,1,Undirected
aselhidayat,ichlasul-affan,1,Undirected
aselhidayat,donny-samuel,1,Undirected
aviliani-pramestya-605544139,rayzaarasj,1,Undirected
aviliani-pramestya-605544139,ichlasul-affan,1,Undirected
aviliani-pramestya-605544139,donny-samuel,1,Undirected
azharkurnia,rayzaarasj,1,Undirected
azharkurnia,ichlasul-affan,1,Undirected
azharkurnia,rezarp97,1,Undirected
azharkurnia,donny-samuel,1,Undirected
bagasirwansyah,rayzaarasj,1,Undirected
bagasirwansyah,ichlasul-affan,1,Undirected
bagasirwansyah,donny-samuel,1,Undirected
pardede,rayzaarasj,1,Undirected
pardede,ichlasul-affan,1,Undirected
pardede,rezarp97,1,Undirected
bram-sedana-7b81b9b4,rayzaarasj,1,Undirected
bram-sedana-7b81b9b4,ichlasul-affan,1,Undirected
bram-sedana-7b81b9b4,rezarp97,1,Undirected
bram-sedana-7b81b9b4,donny-samuel,1,Undirected
claudio-yosafat-napitupulu,rayzaarasj,1,Undirected
claudio-yosafat-napitupulu,ichlasul-affan,1,Undirected
claudio-yosafat-napitupulu,rezarp97,1,Undirected
claudio-yosafat-napitupulu,donny-samuel,1,Undirected
degoldie-sonny,rayzaarasj,1,Undirected
degoldie-sonny,ichlasul-affan,1,Undirected
degoldie-sonny,rezarp97,1,Undirected
degoldie-sonny,donny-samuel,1,Undirected
dennis-febri-dien,rayzaarasj,1,Undirected
dennis-febri-dien,ichlasul-affan,1,Undirected
dennis-febri-dien,rezarp97,1,Undirected
donny-samuel,rayzaarasj,1,Undirected
donny-samuel,ichlasul-affan,1,Undirected
donny-samuel,ranisianipar,2,Undirected
donny-samuel,rezarp97,1,Undirected
donny-samuel,kianutama,2,Undirected
donny-samuel,aselhidayat,2,Undirected
donny-samuel,azkali20,2,Undirected
donny-samuel,kautsar-fadlillah-b0370713b,2,Undirected
donny-samuel,fatanugraha,2,Undirected
donny-samuel,arkha-sayoga-m,2,Undirected
donny-samuel,afihidayat,2,Undirected
donny-samuel,endrawan-andika-wicaksana-72247b140,2,Undirected
donny-samuel,jihadrinaldi,2,Undirected
donny-samuel,rumanta,2,Undirected
donny-samuel,khoiruluqi,2,Undirected
donny-samuel,yudhistira-erlandinata,2,Undirected
donny-samuel,misaeljonathan,2,Undirected
donny-samuel,firandra-savitri,2,Undirected
donny-samuel,pardede,2,Undirected
donny-samuel,widijanto,2,Undirected
donny-samuel,fran-na-jaya-976030120,2,Undirected
donny-samuel,arielmiki,2,Undirected
donny-samuel,wuriandita,2,Undirected
donny-samuel,izzatul-muttaqin-958947128,2,Undirected
donny-samuel,ivana-irene-thomas,2,Undirected
donny-samuel,rahmaniaam,2,Undirected
donny-samuel,degoldie-sonny,2,Undirected
donny-samuel,claudio-yosafat-napitupulu,2,Undirected
donny-samuel,albadrun,2,Undirected
donny-samuel,kevin-prakasa,2,Undirected
donny-samuel,kezia-irene98,2,Undirected
donny-samuel,jonathan-edwin,2,Undirected
donny-samuel,mettaanantha,2,Undirected
donny-samuel,fajrinmk,2,Undirected
donny-samuel,pakpahanjuan46,2,Undirected
donny-samuel,argaghulamahmad,2,Undirected
donny-samuel,refo-ilmiya-akbar-8b7aa8113,2,Undirected
donny-samuel,kelly-william-747264141,2,Undirected
donny-samuel,tirtaabimanyu,2,Undirected
donny-samuel,marcokenata,2,Undirected
donny-samuel,hilyafesmia,2,Undirected
donny-samuel,azharkurnia,2,Undirected
donny-samuel,bagasirwansyah,2,Undirected
donny-samuel,firmanhp,2,Undirected
donny-samuel,ezra-rizkiatama,2,Undirected
donny-samuel,ramawidragamaputra,2,Undirected
donny-samuel,bram-sedana-7b81b9b4,2,Undirected
donny-samuel,ignatiusrdp,2,Undirected
donny-samuel,iamrulloh,2,Undirected
donny-samuel,anishainas,2,Undirected
donny-samuel,muzakkiha,2,Undirected
donny-samuel,windi-chandra-884778130,2,Undirected
endrawan-andika-wicaksana-72247b140,ichlasul-affan,1,Undirected
endrawan-andika-wicaksana-72247b140,rezarp97,1,Undirected
endrawan-andika-wicaksana-72247b140,donny-samuel,1,Undirected
ezza-ardiala-0b8004155,rezarp97,1,Undirected
fadhlanhazmi,rayzaarasj,1,Undirected
fadhlanhazmi,ichlasul-affan,1,Undirected
fadhlanhazmi,rezarp97,1,Undirected
fajrinmk,rayzaarasj,1,Undirected
fajrinmk,ichlasul-affan,1,Undirected
fajrinmk,rezarp97,1,Undirected
fajrinmk,donny-samuel,1,Undirected
fannyah-dita-cahya-970b03138,rayzaarasj,1,Undirected
fannyah-dita-cahya-970b03138,ichlasul-affan,1,Undirected
farahalhaniy,ichlasul-affan,1,Undirected
fariqodri,rayzaarasj,1,Undirected
fariqodri,ichlasul-affan,1,Undirected
farolina-r,rayzaarasj,1,Undirected
farolina-r,ichlasul-affan,1,Undirected
farolina-r,rezarp97,1,Undirected
fatanugraha,rayzaarasj,1,Undirected
fatanugraha,ichlasul-affan,1,Undirected
fatanugraha,donny-samuel,1,Undirected
fauzan-deni,rayzaarasj,1,Undirected
fauzan-deni,ichlasul-affan,1,Undirected
fauzan-deni,rezarp97,1,Undirected
firandra-savitri,rayzaarasj,1,Undirected
firandra-savitri,ichlasul-affan,1,Undirected
firandra-savitri,rezarp97,1,Undirected
firandra-savitri,donny-samuel,1,Undirected
firmanhp,rayzaarasj,1,Undirected
firmanhp,ichlasul-affan,1,Undirected
firmanhp,rezarp97,1,Undirected
firmanhp,donny-samuel,1,Undirected
fran-na-jaya-976030120,rayzaarasj,1,Undirected
fran-na-jaya-976030120,ichlasul-affan,1,Undirected
fran-na-jaya-976030120,rezarp97,1,Undirected
hadlina-rahmadinni-b32746155,,,Undirected
hanifagungp,rayzaarasj,1,Undirected
hanifagungp,ichlasul-affan,1,Undirected
hanifagungp,rezarp97,1,Undirected
hema-mitta-kalyani,ichlasul-affan,1,Undirected
hema-mitta-kalyani,rezarp97,1,Undirected
hilyafesmia,rayzaarasj,1,Undirected
hilyafesmia,ichlasul-affan,1,Undirected
hilyafesmia,rezarp97,1,Undirected
hilyafesmia,donny-samuel,1,Undirected
ibnufirdaus,rayzaarasj,1,Undirected
ibnufirdaus,ichlasul-affan,1,Undirected
ibnufirdaus,rezarp97,1,Undirected
ichlasul-affan,rayzaarasj,1,Undirected
ichlasul-affan,ranisianipar,2,Undirected
ichlasul-affan,rezarp97,1,Undirected
ichlasul-affan,praditomo,2,Undirected
ichlasul-affan,kianutama,2,Undirected
ichlasul-affan,aselhidayat,2,Undirected
ichlasul-affan,azkali20,2,Undirected
ichlasul-affan,naima-moertadho,2,Undirected
ichlasul-affan,kautsar-fadlillah-b0370713b,2,Undirected
ichlasul-affan,fatanugraha,2,Undirected
ichlasul-affan,arkha-sayoga-m,2,Undirected
ichlasul-affan,kristiantokt,2,Undirected
ichlasul-affan,rehanhawari,2,Undirected
ichlasul-affan,afihidayat,2,Undirected
ichlasul-affan,muhammad-fakhrillah-a-b9859a116,2,Undirected
ichlasul-affan,endrawan-andika-wicaksana-72247b140,2,Undirected
ichlasul-affan,farahalhaniy,2,Undirected
ichlasul-affan,jihadrinaldi,2,Undirected
ichlasul-affan,rumanta,2,Undirected
ichlasul-affan,khoiruluqi,2,Undirected
ichlasul-affan,dzakyluthfi,2,Undirected
ichlasul-affan,misaeljonathan,2,Undirected
ichlasul-affan,firandra-savitri,2,Undirected
ichlasul-affan,pardede,2,Undirected
ichlasul-affan,widijanto,2,Undirected
ichlasul-affan,regensa-cahyanto,2,Undirected
ichlasul-affan,hanifagungp,2,Undirected
ichlasul-affan,m-ilham-peruzzi-2695b6155,2,Undirected
ichlasul-affan,fran-na-jaya-976030120,2,Undirected
ichlasul-affan,nixi-sendya-putri-0407a5137,2,Undirected
ichlasul-affan,arielmiki,2,Undirected
ichlasul-affan,wuriandita,2,Undirected
ichlasul-affan,izzatul-muttaqin-958947128,2,Undirected
ichlasul-affan,rahmaniaam,2,Undirected
ichlasul-affan,degoldie-sonny,2,Undirected
ichlasul-affan,claudio-yosafat-napitupulu,2,Undirected
ichlasul-affan,anindito-bhagawanta,2,Undirected
ichlasul-affan,muhammad-at-thoriq,2,Undirected
ichlasul-affan,fadhlanhazmi,2,Undirected
ichlasul-affan,nurul-faza-saffanah12,2,Undirected
ichlasul-affan,kevin-prakasa,2,Undirected
ichlasul-affan,kezia-irene98,2,Undirected
ichlasul-affan,jonathan-edwin,2,Undirected
ichlasul-affan,mettaanantha,2,Undirected
ichlasul-affan,fajrinmk,2,Undirected
ichlasul-affan,hema-mitta-kalyani,2,Undirected
ichlasul-affan,fannyah-dita-cahya-970b03138,2,Undirected
ichlasul-affan,tyagitalrst,2,Undirected
ichlasul-affan,refo-ilmiya-akbar-8b7aa8113,2,Undirected
ichlasul-affan,kelly-william-747264141,2,Undirected
ichlasul-affan,tirtaabimanyu,2,Undirected
ichlasul-affan,ibnufirdaus,2,Undirected
ichlasul-affan,kerenza-doxolodeo-916131158,2,Undirected
ichlasul-affan,marcokenata,2,Undirected
ichlasul-affan,hilyafesmia,2,Undirected
ichlasul-affan,azharkurnia,2,Undirected
ichlasul-affan,bagasirwansyah,2,Undirected
ichlasul-affan,firmanhp,2,Undirected
ichlasul-affan,sfdaus,2,Undirected
ichlasul-affan,ridwan-rachmat-78988a155,2,Undirected
ichlasul-affan,fariqodri,2,Undirected
ichlasul-affan,ezra-rizkiatama,2,Undirected
ichlasul-affan,dhanarsantika,2,Undirected
ichlasul-affan,yumnapratista,2,Undirected
ichlasul-affan,ramawidragamaputra,2,Undirected
ichlasul-affan,muhammad-daffa-mahathir,2,Undirected
ichlasul-affan,tirtahema,2,Undirected
ichlasul-affan,pasu-siahaan-4306ba134,2,Undirected
ichlasul-affan,farolina-r,2,Undirected
ichlasul-affan,bram-sedana-7b81b9b4,2,Undirected
ichlasul-affan,ilhamrizkyakbar,2,Undirected
ichlasul-affan,ignatiusrdp,2,Undirected
ichlasul-affan,anishainas,2,Undirected
ichlasul-affan,imbang-murtito,2,Undirected
ichlasul-affan,norman-bintang,2,Undirected
ichlasul-affan,dennis-febri-dien,2,Undirected
ichlasul-affan,zuliapr,2,Undirected
ichlasul-affan,wildanfahmig,2,Undirected
ichlasul-affan,fauzan-deni,2,Undirected
ichlasul-affan,priambudi-bagaskara,2,Undirected
ichlasul-affan,muzakkiha,2,Undirected
ichlasul-affan,ezza-ardiala-0b8004155,2,Undirected
ichlasul-affan,windi-chandra-884778130,2,Undirected
ichlasul-affan,mohammad-ahnaf-zain-ilham-12753b10a,2,Undirected
ichlasul-affan,jeremymanik,2,Undirected
ichlasul-affan,sultanzunino,2,Undirected
ignatiusrdp,rayzaarasj,1,Undirected
ignatiusrdp,ichlasul-affan,1,Undirected
ignatiusrdp,rezarp97,1,Undirected
ilhamrizkyakbar,rayzaarasj,1,Undirected
ilhamrizkyakbar,ichlasul-affan,1,Undirected
ilhamrizkyakbar,rezarp97,1,Undirected
iamrulloh,rayzaarasj,1,Undirected
iamrulloh,ichlasul-affan,1,Undirected
iamrulloh,rezarp97,1,Undirected
iamrulloh,donny-samuel,1,Undirected
indra-septama-588b32129,rayzaarasj,1,Undirected
indra-septama-588b32129,rezarp97,1,Undirected
indra-septama-588b32129,donny-samuel,1,Undirected
ivana-irene-thomas,rayzaarasj,1,Undirected
ivana-irene-thomas,ichlasul-affan,1,Undirected
ivana-irene-thomas,donny-samuel,1,Undirected
izznfkhrlislm,rayzaarasj,1,Undirected
izznfkhrlislm,ichlasul-affan,1,Undirected
izznfkhrlislm,rezarp97,1,Undirected
izznfkhrlislm,donny-samuel,1,Undirected
izzatul-muttaqin-958947128,rayzaarasj,1,Undirected
izzatul-muttaqin-958947128,ichlasul-affan,1,Undirected
izzatul-muttaqin-958947128,rezarp97,1,Undirected
izzatul-muttaqin-958947128,donny-samuel,1,Undirected
jonathan-edwin,rayzaarasj,1,Undirected
jonathan-edwin,rezarp97,1,Undirected
jonathan-edwin,donny-samuel,1,Undirected
pakpahanjuan46,rayzaarasj,1,Undirected
pakpahanjuan47,ichlasul-affan,1,Undirected
pakpahanjuan48,rezarp97,1,Undirected
pakpahanjuan49,donny-samuel,1,Undirected
kautsar-fadlillah-b0370713b,rayzaarasj,1,Undirected
kautsar-fadlillah-b0370713b,ichlasul-affan,1,Undirected
kautsar-fadlillah-b0370713b,rezarp97,1,Undirected
kautsar-fadlillah-b0370713b,donny-samuel,1,Undirected
kelly-william-747264141,rayzaarasj,1,Undirected
kelly-william-747264141,ichlasul-affan,1,Undirected
kelly-william-747264141,rezarp97,1,Undirected
kelly-william-747264141,donny-samuel,1,Undirected
kerenza-doxolodeo-916131158,ichlasul-affan,1,Undirected
kevin-prakasa,rayzaarasj,1,Undirected
kevin-prakasa,ichlasul-affan,1,Undirected
kevin-prakasa,rezarp97,1,Undirected
kevin-prakasa,donny-samuel,1,Undirected
kezia-irene98,rayzaarasj,1,Undirected
kezia-irene98,ichlasul-affan,1,Undirected
kezia-irene98,rezarp97,1,Undirected
kezia-irene98,donny-samuel,1,Undirected
khoiruluqi,rayzaarasj,1,Undirected
khoiruluqi,ichlasul-affan,1,Undirected
khoiruluqi,rezarp97,1,Undirected
khoiruluqi,donny-samuel,1,Undirected
kianutama,rayzaarasj,1,Undirected
kianutama,ichlasul-affan,1,Undirected
kianutama,rezarp97,1,Undirected
kianutama,donny-samuel,1,Undirected
kristiantokt,rayzaarasj,1,Undirected
kristiantokt,ichlasul-affan,1,Undirected
kristiantokt,rezarp97,1,Undirected
kristiantokt,donny-samuel,1,Undirected
lowell-hagabeon-sianipar-32149a120,rezarp97,1,Undirected
dzakyluthfi,rayzaarasj,1,Undirected
dzakyluthfi,ichlasul-affan,1,Undirected
dzakyluthfi,rezarp97,1,Undirected
dhanarsantika,rayzaarasj,1,Undirected
dhanarsantika,ichlasul-affan,1,Undirected
dhanarsantika,rezarp97,1,Undirected
marcokenata,rayzaarasj,1,Undirected
marcokenata,ichlasul-affan,1,Undirected
marcokenata,rezarp97,1,Undirected
marcokenata,donny-samuel,1,Undirected
mettaanantha,rayzaarasj,1,Undirected
mettaanantha,ichlasul-affan,1,Undirected
mettaanantha,donny-samuel,1,Undirected
misaeljonathan,rayzaarasj,1,Undirected
misaeljonathan,rezarp97,1,Undirected
misaeljonathan,donny-samuel,1,Undirected
praditomo,rayzaarasj,1,Undirected
praditomo,ichlasul-affan,1,Undirected
praditomo,rezarp97,1,Undirected
praditomo,donny-samuel,1,Undirected
mohammad-ahnaf-zain-ilham-12753b10a,ichlasul-affan,1,Undirected
muhammad-at-thoriq,rayzaarasj,1,Undirected
muhammad-at-thoriq,ichlasul-affan,1,Undirected
muhammad-daffa-mahathir,rayzaarasj,1,Undirected
muhammad-daffa-mahathir,ichlasul-affan,1,Undirected
ezra-rizkiatama,rayzaarasj,1,Undirected
ezra-rizkiatama,ichlasul-affan,1,Undirected
ezra-rizkiatama,rezarp97,1,Undirected
ezra-rizkiatama,donny-samuel,1,Undirected
muhammad-fakhrillah-a-b9859a116,rayzaarasj,1,Undirected
muhammad-fakhrillah-a-b9859a116,ichlasul-affan,1,Undirected
muhammad-fakhrillah-a-b9859a116,rezarp97,1,Undirected
hanif-pratama-424713133,ichlasul-affan,1,Undirected
hanif-pratama-424713133,rezarp97,1,Undirected
hanif-pratama-424713133,donny-samuel,1,Undirected
m-ilham-peruzzi-2695b6155,rayzaarasj,1,Undirected
m-ilham-peruzzi-2695b6155,ichlasul-affan,1,Undirected
m-ilham-peruzzi-2695b6155,rezarp97,1,Undirected
imbang-murtito,rayzaarasj,1,Undirected
imbang-murtito,ichlasul-affan,1,Undirected
jihadrinaldi,rayzaarasj,1,Undirected
jihadrinaldi,rezarp97,1,Undirected
muzakkiha,rayzaarasj,1,Undirected
muzakkiha,ichlasul-affan,1,Undirected
muzakkiha,rezarp97,1,Undirected
nathaniel-nicholas-650740155,ichlasul-affan,1,Undirected
nixi-sendya-putri-0407a5137,rayzaarasj,1,Undirected
nixi-sendya-putri-0407a5137,ichlasul-affan,1,Undirected
nixi-sendya-putri-0407a5137,rezarp97,1,Undirected
norman-bintang,rayzaarasj,1,Undirected
norman-bintang,ichlasul-affan,1,Undirected
nurul-faza-saffanah12,rayzaarasj,1,Undirected
nurul-faza-saffanah12,ichlasul-affan,1,Undirected
pasu-siahaan-4306ba134,ichlasul-affan,1,Undirected
priambudi-bagaskara,rezarp97,1,Undirected
azkali20,rayzaarasj,1,Undirected
azkali20,rezarp97,1,Undirected
azkali20,donny-samuel,1,Undirected
ridwan-rachmat-78988a155,ichlasul-affan,1,Undirected
wuriandita,rayzaarasj,1,Undirected
wuriandita,ichlasul-affan,1,Undirected
wuriandita,donny-samuel,1,Undirected
afihidayat,rayzaarasj,1,Undirected
afihidayat,ichlasul-affan,1,Undirected
albadrun,rayzaarasj,1,Undirected
albadrun,ichlasul-affan,1,Undirected
rahmaniaam,rayzaarasj,1,Undirected
rahmaniaam,ichlasul-affan,1,Undirected
rahmaniaam,rezarp97,1,Undirected
rahmaniaam,donny-samuel,1,Undirected
ramawidragamaputra,rayzaarasj,1,Undirected
ramawidragamaputra,ichlasul-affan,1,Undirected
ramawidragamaputra,rezarp97,1,Undirected
ramawidragamaputra,donny-samuel,1,Undirected
ranisianipar,ichlasul-affan,1,Undirected
widijanto,rayzaarasj,1,Undirected
widijanto,ichlasul-affan,1,Undirected
widijanto,rezarp97,1,Undirected
widijanto,donny-samuel,1,Undirected
rayzaarasj,ichlasul-affan,1,Undirected
rayzaarasj,rezarp97,1,Undirected
rayzaarasj,praditomo,2,Undirected
rayzaarasj,kianutama,2,Undirected
rayzaarasj,donny-samuel,1,Undirected
rayzaarasj,aselhidayat,2,Undirected
rayzaarasj,azkali20,2,Undirected
rayzaarasj,naima-moertadho,2,Undirected
rayzaarasj,kautsar-fadlillah-b0370713b,2,Undirected
rayzaarasj,fatanugraha,2,Undirected
rayzaarasj,arkha-sayoga-m,2,Undirected
rayzaarasj,kristiantokt,2,Undirected
rayzaarasj,rehanhawari,2,Undirected
rayzaarasj,afihidayat,2,Undirected
rayzaarasj,muhammad-fakhrillah-a-b9859a116,2,Undirected
rayzaarasj,endrawan-andika-wicaksana-72247b140,2,Undirected
rayzaarasj,jihadrinaldi,2,Undirected
rayzaarasj,rumanta,2,Undirected
rayzaarasj,khoiruluqi,2,Undirected
rayzaarasj,izznfkhrlislm,2,Undirected
rayzaarasj,yudhistira-erlandinata,2,Undirected
rayzaarasj,dzakyluthfi,2,Undirected
rayzaarasj,misaeljonathan,2,Undirected
rayzaarasj,firandra-savitri,2,Undirected
rayzaarasj,pardede,2,Undirected
rayzaarasj,widijanto,2,Undirected
rayzaarasj,regensa-cahyanto,2,Undirected
rayzaarasj,hanifagungp,2,Undirected
rayzaarasj,m-ilham-peruzzi-2695b6155,2,Undirected
rayzaarasj,fran-na-jaya-976030120,2,Undirected
rayzaarasj,arielmiki,2,Undirected
rayzaarasj,wuriandita,2,Undirected
rayzaarasj,izzatul-muttaqin-958947128,2,Undirected
rayzaarasj,ivana-irene-thomas,2,Undirected
rayzaarasj,rahmaniaam,2,Undirected
rayzaarasj,degoldie-sonny,2,Undirected
rayzaarasj,claudio-yosafat-napitupulu,2,Undirected
rayzaarasj,anindito-bhagawanta,2,Undirected
rayzaarasj,albadrun,2,Undirected
rayzaarasj,muhammad-at-thoriq,2,Undirected
rayzaarasj,fadhlanhazmi,2,Undirected
rayzaarasj,nurul-faza-saffanah12,2,Undirected
rayzaarasj,kevin-prakasa,2,Undirected
rayzaarasj,kezia-irene98,2,Undirected
rayzaarasj,jonathan-edwin,2,Undirected
rayzaarasj,mettaanantha,2,Undirected
rayzaarasj,fajrinmk,2,Undirected
rayzaarasj,fannyah-dita-cahya-970b03138,2,Undirected
rayzaarasj,pakpahanjuan46,2,Undirected
rayzaarasj,tyagitalrst,2,Undirected
rayzaarasj,argaghulamahmad,2,Undirected
rayzaarasj,refo-ilmiya-akbar-8b7aa8113,2,Undirected
rayzaarasj,kelly-william-747264141,2,Undirected
rayzaarasj,tirtaabimanyu,2,Undirected
rayzaarasj,ibnufirdaus,2,Undirected
rayzaarasj,marcokenata,2,Undirected
rayzaarasj,hilyafesmia,2,Undirected
rayzaarasj,azharkurnia,2,Undirected
rayzaarasj,bagasirwansyah,2,Undirected
rayzaarasj,firmanhp,2,Undirected
rayzaarasj,sfdaus,2,Undirected
rayzaarasj,fariqodri,2,Undirected
rayzaarasj,ezra-rizkiatama,2,Undirected
rayzaarasj,dhanarsantika,2,Undirected
rayzaarasj,yumnapratista,2,Undirected
rayzaarasj,tirtahema,2,Undirected
rayzaarasj,farolina-r,2,Undirected
rayzaarasj,bram-sedana-7b81b9b4,2,Undirected
rayzaarasj,ilhamrizkyakbar,2,Undirected
rayzaarasj,ignatiusrdp,2,Undirected
rayzaarasj,iamrulloh,2,Undirected
rayzaarasj,imbang-murtito,2,Undirected
rayzaarasj,norman-bintang,2,Undirected
rayzaarasj,dennis-febri-dien,2,Undirected
rayzaarasj,zuliapr,2,Undirected
rayzaarasj,wildanfahmig,2,Undirected
rayzaarasj,fauzan-deni,2,Undirected
rayzaarasj,muzakkiha,2,Undirected
rayzaarasj,hadlina-rahmadinni-b32746155,2,Undirected
rayzaarasj,windi-chandra-884778130,2,Undirected
refo-ilmiya-akbar-8b7aa8113,rayzaarasj,1,Undirected
refo-ilmiya-akbar-8b7aa8113,rezarp97,1,Undirected
refo-ilmiya-akbar-8b7aa8113,donny-samuel,1,Undirected
regensa-cahyanto,rayzaarasj,1,Undirected
regensa-cahyanto,ichlasul-affan,1,Undirected
rehanhawari,rayzaarasj,1,Undirected
rehanhawari,ichlasul-affan,1,Undirected
rezarp97,rayzaarasj,1,Undirected
rezarp97,ichlasul-affan,1,Undirected
rezarp97,praditomo,2,Undirected
rezarp97,kianutama,2,Undirected
rezarp97,donny-samuel,1,Undirected
rezarp97,azkali20,2,Undirected
rezarp97,naima-moertadho,2,Undirected
rezarp97,kautsar-fadlillah-b0370713b,2,Undirected
rezarp97,arkha-sayoga-m,2,Undirected
rezarp97,kristiantokt,2,Undirected
rezarp97,muhammad-fakhrillah-a-b9859a116,2,Undirected
rezarp97,endrawan-andika-wicaksana-72247b140,2,Undirected
rezarp97,jihadrinaldi,2,Undirected
rezarp97,rumanta,2,Undirected
rezarp97,khoiruluqi,2,Undirected
rezarp97,izznfkhrlislm,2,Undirected
rezarp97,yudhistira-erlandinata,2,Undirected
rezarp97,dzakyluthfi,2,Undirected
rezarp97,misaeljonathan,2,Undirected
rezarp97,firandra-savitri,2,Undirected
rezarp97,widijanto,2,Undirected
rezarp97,hanifagungp,2,Undirected
rezarp97,m-ilham-peruzzi-2695b6155,2,Undirected
rezarp97,fran-na-jaya-976030120,2,Undirected
rezarp97,nixi-sendya-putri-0407a5137,2,Undirected
rezarp97,izzatul-muttaqin-958947128,2,Undirected
rezarp97,ivana-irene-thomas,2,Undirected
rezarp97,rahmaniaam,2,Undirected
rezarp97,claudio-yosafat-napitupulu,2,Undirected
rezarp97,anindito-bhagawanta,2,Undirected
rezarp97,fadhlanhazmi,2,Undirected
rezarp97,kevin-prakasa,2,Undirected
rezarp97,jonathan-edwin,2,Undirected
rezarp97,fajrinmk,2,Undirected
rezarp97,hema-mitta-kalyani,2,Undirected
rezarp97,pakpahanjuan46,2,Undirected
rezarp97,tyagitalrst,2,Undirected
rezarp97,argaghulamahmad,2,Undirected
rezarp97,refo-ilmiya-akbar-8b7aa8113,2,Undirected
rezarp97,kelly-william-747264141,2,Undirected
rezarp97,tirtaabimanyu,2,Undirected
rezarp97,ibnufirdaus,2,Undirected
rezarp97,andrew-savero-ongko-54a291181,2,Undirected
rezarp97,marcokenata,2,Undirected
rezarp97,hilyafesmia,2,Undirected
rezarp97,bagasirwansyah,2,Undirected
rezarp97,firmanhp,2,Undirected
rezarp97,ezra-rizkiatama,2,Undirected
rezarp97,dhanarsantika,2,Undirected
rezarp97,ramawidragamaputra,2,Undirected
rezarp97,tirtahema,2,Undirected
rezarp97,farolina-r,2,Undirected
rezarp97,ilhamrizkyakbar,2,Undirected
rezarp97,ignatiusrdp,2,Undirected
rezarp97,iamrulloh,2,Undirected
rezarp97,anishainas,2,Undirected
rezarp97,dennis-febri-dien,2,Undirected
rezarp97,fauzan-deni,2,Undirected
rezarp97,ezza-ardiala-0b8004155,2,Undirected
rezarp97,lowell-hagabeon-sianipar-32149a120,2,Undirected
rezarp97,sultanzunino,2,Undirected
sfdaus,rayzaarasj,1,Undirected
sfdaus,ichlasul-affan,1,Undirected
naima-moertadho,rayzaarasj,1,Undirected
naima-moertadho,ichlasul-affan,1,Undirected
naima-moertadho,rezarp97,1,Undirected
tirtaabimanyu,rayzaarasj,1,Undirected
tirtaabimanyu,rezarp97,1,Undirected
tirtaabimanyu,donny-samuel,1,Undirected
tirtahema,rayzaarasj,1,Undirected
tirtahema,ichlasul-affan,1,Undirected
tirtahema,rezarp97,1,Undirected
tyagitalrst,rayzaarasj,1,Undirected
tyagitalrst,ichlasul-affan,1,Undirected
tyagitalrst,rezarp97,1,Undirected
valerysa-regita-754490147,ichlasul-affan,1,Undirected
wildanfahmig,rayzaarasj,1,Undirected
wildanfahmig,ichlasul-affan,1,Undirected
rumanta,rayzaarasj,1,Undirected
rumanta,rezarp97,1,Undirected
rumanta,donny-samuel,1,Undirected
windi-chandra-884778130,rayzaarasj,1,Undirected
windi-chandra-884778130,ichlasul-affan,1,Undirected
windi-chandra-884778130,donny-samuel,1,Undirected
yudhistira-erlandinata,rayzaarasj,1,Undirected
yudhistira-erlandinata,ichlasul-affan,1,Undirected
yudhistira-erlandinata,rezarp97,1,Undirected
yudhistira-erlandinata,donny-samuel,1,Undirected
yumnapratista,rayzaarasj,1,Undirected
yumnapratista,ichlasul-affan,1,Undirected
zuliapr,rayzaarasj,1,Undirected
zuliapr,ichlasul-affan,1,Undirected
sultanzunino,rezarp97,1,Undirected